{
    "狮子林": [
        120.62946,
        31.32097
    ],
    "苏州狮子林": [
        120.62946,
        31.32097
    ],
    "张江科学城": [
        121.61156,
        31.20201
    ],
    "上海张江科学城": [
        121.61156,
        31.20201
    ],
    "临港新城": [
        121.96556,
        30.95272
    ],
    "上海临港新城": [
        121.96556,
        30.95272
    ],
    "长三角一体化示范区": [
        120.92171,
        31.058125
    ],
    "上海长三角一体化示范区": [
        120.92171,
        31.058125
    ],
    "West Lake Scenic Area": [
        120.1419,
        30.2467
    ],
    "Zijingang International Hotel": [
        120.094630,
        30.30
    ]
}